{"cameraMode":{"drawMode":0,"name":"Shaded","section":"Shading Mode"},"sceneLighting":true,"audioPlay":false,"sceneViewState":{"showFog":true,"showMaterialUpdate":false,"showSkybox":true,"showFlares":true,"showImageEffects":true,"showParticleSystems":true},"in2DMode":false,"pivot":{"x":-0.259765625,"y":1.0390172004699708,"z":-8.642680168151856},"rotation":{"x":0.10447718948125839,"y":-0.18329361081123353,"z":0.01959487982094288,"w":0.9772942662239075},"size":34.90944290161133,"orthographic":true}